JOURNAL,IMPACT_FACTOR
Comput. Chem. Eng.,17.272727272727273
Web Intell.,7.037037037037037
IEEE Trans. Hum. Mach. Syst.,2.676056338028169
J. Econ. Theory,1.9791666666666667
