JOURNAL,IMPACT_FACTOR
Comput. Chem. Eng.,16.545454545454547
Web Intell.,6.7407407407407405
IEEE Trans. Hum. Mach. Syst.,2.563380281690141
J. Econ. Theory,1.8958333333333333
