JOURNAL,IMPACT_FACTOR
Comput. Chem. Eng.,15.909090909090908
Web Intell.,6.481481481481482
IEEE Trans. Hum. Mach. Syst.,2.464788732394366
J. Econ. Theory,1.8229166666666667
